product_ctgr_name	/Arts & Entertainment	/Computers & Electronics	/Finance	/Games	/Home & Garden	/Business & Industrial	/Internet & Telecom	/People & Society	/News	/Shopping	/Law & Government	/Sports	/Books & Literature	/Arts & Entertainment/Performing Arts	/Arts & Entertainment/Visual Art & Design	/Business & Industrial/Advertising & Marketing	/Business & Industrial/Business Services/Office Services	/Real Estate	/Computers & Electronics/Computer Hardware	/Computers & Electronics/Programming	/Computers & Electronics/Software	/Arts & Entertainment/Offbeat	/Arts & Entertainment/Movies	/Arts & Entertainment/Music & Audio	/Arts & Entertainment/TV & Video	/Finance/Banking	/Finance/Insurance	/Games/Card Games	/Games/Computer & Video Games	/Arts & Entertainment/Music & Audio/Jazz & Blues/Jazz
Portal site	0.07390468502855943	0.03886985848800252	1.0000000000000004e-300	0.018677119696250376	0.0638262675532925	0.06256746746808048	0.028380844123830722	0.05538803168336699	0.06182579328232631	1e-300	0.05453281788810812	0.018276992628989276	0.0476573152810953	0.072464099389527	0.05953375722440839	0.044745721372965404	0.06093528708635674	0.09132748985732907	0.04459367615266434	0.02332191509280151	0.05264020993692401	0.06334687288162237	0.06334687288162237	0.055780901057225045	0.040311646379214236	1.0000000000000002e-300	1.0000000000000004e-300	0.023253748389484085	0.023004135151625832	0.03562664239691245
Skill up	0.07037554285349769	0.03714345668441968	9.999999999999999e-301	0.017569042577970904	0.06088679825845972	0.060171224726222446	0.02709910509872867	0.05331073889640094	0.05951575508755044	9.999999999999999e-301	0.052412861071304856	0.017563263442540798	0.045851861750821406	0.0690669838059434	0.05674649646414658	0.04302194172381015	0.05851271015344557	0.0840226278553227	0.042541652627687915	0.02228607401065181	0.05010368655052472	0.06032189387442658	0.06032189387442658	0.05320505307126022	0.03838665973827146	1.0000000000000005e-300	9.999999999999999e-301	0.021952465891578062	0.021763559886495643	0.034027467198976785
Marriage	0.0677235194286441	0.03605657035654332	1.0000000000000004e-300	0.017083981041025133	0.05902357655799514	0.058067987427027914	0.026365831900010826	0.05116100439411406	0.057051329758575006	9.999999999999999e-301	0.050426608067347056	0.016859630810837817	0.04408066608128899	0.06649727977261005	0.054721829239427276	0.041523202393209224	0.05651648296687178	0.08091931260670303	0.0413199003818127	0.02163394221392599	0.04802631307050285	0.05804873093883779	0.05804873093883779	0.05121896070558011	0.036940101506533145	9.999999999999999e-301	1.0000000000000004e-300	0.021297390129575846	0.02114953589435046	0.03271806651591179
PC	0.06246101051894474	0.03425822943411675	1e-300	0.015904995337901098	0.05495861233739097	0.0536649054325637	0.02499532677857036	0.04594215249920684	0.0537219590842795	1.0000000000000002e-300	0.046849591004678996	0.01583083706450146	0.04243003870502043	0.061390523754615456	0.05055559929660082	0.03839935172909713	0.05233221407881259	0.07347960466352536	0.03914578960194994	0.02055493766047005	0.04906591600449944	0.053538009016238335	0.053538009016238335	0.04746891682919128	0.034069642101242574	9.999999999999997e-301	9.999999999999999e-301	0.01974911124942072	0.019837831215661593	0.030425976649540852
Diet	0.0746616090202174	0.03945348851131218	9.999999999999999e-301	0.018990713160513834	0.06487013419403494	0.06331683937300493	0.02879718015280189	0.05668621192782491	0.06222472030491426	1e-300	0.055294601472540617	0.018433913851974234	0.04825718450981612	0.0731719177629621	0.060113064871721036	0.04525653216502681	0.06157173190792248	0.09247043564196163	0.04527500420074156	0.023672093106787303	0.053494375926918324	0.06399566487447206	0.06399566487447206	0.05636924859781923	0.040724514011027675	9.999999999999997e-301	1.0000000000000005e-300	0.023586820529915592	0.023375593592827763	0.03600287266782883
Software	0.0639350849306557	0.033958689217447935	9.487179487179491e-301	0.016269875205144096	0.055442530926450434	0.054162393510021875	0.02480773751068585	0.047333833787486124	0.05355383583730709	9.487179487179483e-301	0.04707026545138856	0.015832144881964754	0.041304805620502365	0.06272543430471382	0.05159057356448928	0.038751097809075576	0.05283585312942924	0.07961278291369386	0.03894421004845638	0.02037521353046876	0.0454600790902821	0.05480150136913346	0.054801501369133455	0.04829284041992754	0.034873682689448564	9.487179487179487e-301	9.487179487179488e-301	0.02022550009627367	0.02006033535063777	0.030834678288544262
stocks	0.06630320917478899	0.035858699716033435	1.0000000000000005e-300	0.01687035884846545	0.05798372598216429	0.0567281598708589	0.026155191132755846	0.04906367509779138	0.05617944971314955	9.999999999999999e-301	0.04931385508838119	0.016594857023870632	0.04377139382537105	0.06513197264524935	0.053627902102136325	0.04058945965022211	0.05533063789309642	0.08023805545278688	0.04102670569331127	0.021515219829620062	0.04895006606398981	0.05683132214981913	0.05683132214981914	0.0502186814732594	0.03616538682261218	1e-300	1.0000000000000002e-300	0.020974918020610907	0.020939289034372876	0.03210683128777336
Home games	0.06803249671966899	0.036239651750081696	1.0000000000000004e-300	0.01719755892550882	0.05911408327649219	0.05802387399634898	0.02649805759401494	0.05053139253801049	0.05731025124826573	1e-300	0.0503270708667329	0.016923473386714155	0.044159990549410784	0.06680130196848526	0.054976827091596236	0.04151423484559077	0.05658320971827145	0.08236139380273406	0.04153153876085208	0.02174379105004902	0.04820714963737969	0.058313568616859116	0.05831356861685913	0.05144157577999496	0.037108634574364904	1.0000000000000002e-300	1.0000000000000004e-300	0.021428924222761745	0.021278007387917294	0.03285386371833438
Anti aging	0.06741243547349013	0.036133824212876274	9.999999999999999e-301	0.01718125551569759	0.058980039724662627	0.05789705379156037	0.02642442628069175	0.050878635097307875	0.0565595485340121	9.999999999999997e-301	0.0502484605233793	0.01677482261979345	0.04393114382310862	0.06620228835850112	0.054509071310272474	0.04139948523351356	0.05630917521609025	0.0825502618680408	0.04140555695338935	0.021680294527725765	0.047803952727951814	0.05778208754870584	0.05778208754870582	0.05099157782044405	0.036770419349176436	9.999999999999999e-301	9.999999999999999e-301	0.021360606300662086	0.021242520236521595	0.03256357789551365
Government agencies/municipalities/public organizations	0.045810024644205874	0.023172833927678018	8.333333333333334e-301	0.011427169230868714	0.041675369915980226	0.042637060315436195	0.016955470723071922	0.040597858830807236	0.035854747977733054	8.333333333333334e-301	0.039829227851656636	0.011223619411386406	0.028428577472106514	0.04505506626441691	6.369426751592357e+297	0.030517329102052952	2.590673575129534e+297	0.047546208220124266	0.026543148914013447	0.013903700356606812	0.029641199626406656	0.03926573540931932	0.03926573540931932	0.03426139028012169	0.024987286169566844	8.333333333333333e-301	8.333333333333333e-301	0.014550918493560652	0.013944097380184994	0.021636572552987232
News/Publications	0.04633657155135625	0.023707281841275168	8.888888888888889e-301	0.010992894995914989	0.03732390904090533	0.04067913500182659	0.01775197173528652	0.030474731812365756	1.1111111111111112e+299	8.88888888888889e-301	0.032615619033612694	0.01271844060258693	0.056518511992444495	0.0452982084914781	0.036871882039910986	0.02979410010294376	0.03825856444449386	0.044362936134472244	0.0267938715209854	0.014224369104765098	0.03045986892233218	0.039717061329733926	0.039717061329733926	0.03465189716727728	0.025274493573467047	8.88888888888889e-301	8.888888888888889e-301	0.013923223640371473	0.013717406462777885	0.022043756312551503
Hosting service	0.06273263993103152	0.03364918164582554	9.758064516129032e-301	0.01584449851799041	0.05477095475810647	0.05386508897289009	0.024600513834955918	0.04698650831555628	0.05324096869998705	9.758064516129035e-301	0.0468044346944105	0.015712123579493288	0.041298471983698355	0.06162718719144173	0.05072526881254681	0.038528249249741076	0.05246319452596033	0.07550390029481158	0.0385261793759329	0.020189508987495323	0.04552437391951287	0.053770834226598445	0.053770834226598445	0.04751270639396143	0.03421780359874446	9.758064516129032e-301	9.758064516129032e-301	0.019742114961511636	0.01965978775966936	0.03038093152407681
Pharmaceuticals	0.06890229901579999	0.03670924078427871	1.0000000000000002e-300	0.017389239510502957	0.05990554115505289	0.05881377800602007	0.02681859441022286	0.05151629478803375	0.05824382515577049	1.0000000000000005e-300	0.051184331519172274	0.01718721701694162	0.045085982366209955	0.06764093163250609	0.05563362632724069	0.04206875729716202	0.057307458325397	0.0829580817994406	0.04205669016460012	0.02202554447056723	0.04993293068872639	0.05905911344211428	0.05905911344211428	0.052117758593412555	0.037583072190436356	1e-300	1e-300	0.021665585482887276	0.021529239783454904	0.03331659077562036
Vehicle trading	0.0635559803307566	0.03410253546122031	9.776119402985075e-301	0.01607164747699182	0.05547357857945104	0.05448166370042005	0.024928108891333952	0.04747887885808027	0.05376090115158939	9.776119402985075e-301	0.04734221960518577	0.01589271526021505	0.04176010219967245	0.06242502855704756	0.05138253050156938	0.03897015203022027	0.05305190560967913	0.0757407635363778	0.03905339355620257	0.020461521276732186	0.04605598532396315	0.05447655456921995	0.05447655456921995	0.04812111831260253	0.03466689836223088	9.776119402985074e-301	9.776119402985075e-301	0.020016895904379793	0.019935409187897924	0.030763090252868983
Other vehicles	0.0645216745728317	0.0343763522416852	9.71153846153846e-301	0.016259275846854153	0.056106585080787176	0.05514304017252244	0.02511167719196	0.048363205532498114	0.054629919084962716	9.711538461538464e-301	0.048019912063416936	0.016113954386869175	0.04233443636740346	0.0633437839970957	0.052094758397417125	0.039439925740773076	0.05371289740097326	0.0777843312724155	0.03937616626556802	0.020625811345011125	0.04705841525014203	0.05530429249099859	0.05530429249099859	0.04882117202263149	0.035193640676090016	9.711538461538462e-301	9.71153846153846e-301	0.02026458636601244	0.020141506502889376	0.031216616064457314
Hair Care	0.0684009505959621	0.03664373679356081	1.0000000000000004e-300	0.0173544176272296	0.05974994656984089	0.05846585814974093	0.026751531965080583	0.051417289492696375	0.05772845230538618	1e-300	0.050948888790464934	0.017046967273130632	0.04495218148606315	0.06714131411252539	0.05524183902076904	0.04181047683178926	0.056953880660945116	0.08234520549902186	0.04197513972026596	0.02198624207613649	0.05040420412976465	0.058629386225110366	0.058629386225110366	0.05175549960516132	0.03730960941597932	9.999999999999999e-301	1.0000000000000002e-300	0.021585750869133186	0.021487843162872004	0.033079896503712056
Legal affairs/accounting/auditing	0.02006767646962317	0.009416153974563449	0.005420863978695779	0.00673646619110174	0.017075659355107582	0.01630983731030553	0.00690956604410978	0.016567212464625274	0.01783377794546464	0.005139963269164541	9.090909090909091e+297	0.008775436665380392	0.015189465317000009	0.019693431212770035	0.015099790678513234	0.011893477105850673	0.017592692941820243	0.019246968813515012	0.010761776300311414	0.004556203536079088	0.01323842396750605	0.017200865545391294	0.017200865545391294	0.01486779865191916	0.010946005347067186	0.015503675144549277	0.003162170654239204	0.007990717798790375	0.007287086968525378	0.00969708921278805
Arts and Design	6.944444444444445e+298	0.02819055721897272	0.0030832253360232992	0.014865961427467227	0.04123478326218994	0.052466997408651184	0.0211701888160791	0.03448823047241173	0.04317870023887891	0.0026662880604861553	0.049499910429097516	0.014736820418194142	0.033691244028438525	5.952380952380953e+298	9.26829268292683e+298	0.03137278247542099	0.04749424199341145	0.053705722471474815	0.03182481057399671	0.0137143251335543	0.035413236459453365	5.952380952380953e+298	5.952380952380953e+298	2.777777777777778e+298	3.787878787878788e+298	0.008962410462488425	0.001792572869780988	0.018873955627108436	0.01760702113314836	1.4492753623188406e+298
Hardware	0.0679943800359722	0.036375262756048875	9.999999999999999e-301	0.017242576211250096	0.05921383258598478	0.057877014168165354	0.026595235283094678	0.05033037599043439	0.05738160943625588	1e-300	0.050237066663901396	0.016937455074244684	0.04428163585189688	0.06674728269261299	0.05492752914972858	0.04140935413813098	0.05645827224669903	0.08154873731777644	0.041689330523105195	0.021825157653629326	0.048413746978606745	0.05828089717369045	0.05828089717369045	0.05144502527565894	0.03708784365598484	9.999999999999999e-301	9.999999999999999e-301	0.02145252962961572	0.021342437613706976	0.03287482535488633
Entertainment	0.07143376214615348	0.03782029160831071	1.0000000000000004e-300	0.018058787090677948	0.06200520853044652	0.06086705629889573	0.02763203468472644	0.05375673711479383	0.059839773811567416	1e-300	0.05294326698321	0.017703914004115917	0.0462129735541143	0.07009323801561869	0.05764107685231244	0.04352793955314185	0.05926014860932757	0.08726471445681172	0.04336857333921093	0.02269217496498643	0.05068000651007617	0.06122893898241726	0.06122893898241726	0.05394846810901815	0.038963870261538254	9.999999999999999e-301	1.0000000000000002e-300	0.022494561968892098	0.02229339520159926	0.034448429639532395
sightseeing/spot/name/trace	0.0486457656250195	0.026186985787586846	0.009089423703475165	0.01498989167822099	0.042402302769614736	0.04457829585146749	0.019356947999237484	0.0377985075715357	0.04227480970757847	0.0068408406892261865	0.036591949832378394	0.017875895123512606	0.03385817573121819	0.04776150672324074	1.926782273603083e+297	0.02718638511045962	1.0683760683760685e+297	0.0512448476083496	0.029650315897906083	0.011590960922374506	0.03390217650964428	0.041696370535731005	0.041696370535731	0.037456633651807104	0.026534053977283367	0.022919763080540292	0.005583503132134745	0.01779033246344876	0.01724602258085441	0.023472943879949377
Hotels	0.07152698647735335	0.03777039946127024	9.999999999999997e-301	0.018035749331064027	0.06176378796556496	0.06062035023121357	0.027597055259039	0.05300347752487414	0.060107779634460616	9.999999999999999e-301	0.05271093602058111	0.01774922176702288	0.04623820628164827	0.07017840957471415	0.05768800543958809	0.04337192668940019	0.05910750814470739	0.08800994040271401	0.043309519551866266	0.022662239676762147	0.05082190167595354	0.06130884555201716	0.06130884555201716	0.05402929714122591	0.039014719896738194	9.999999999999999e-301	9.999999999999999e-301	0.022477721390363387	0.022264602930393933	0.03451398632293176
food	0.0453905337912613	0.023949056012656733	8.000000000000002e-301	0.011572194296614926	0.03905939669071596	0.037851753305287825	0.017475542432583153	0.033141057441145635	0.03816870654947973	8.000000000000002e-301	0.03311185122920443	0.011257703521569053	0.029435361220921337	0.04444450071581838	0.03645855252256238	0.027081066573362053	0.03692579558699785	0.05564189791965769	0.027488750386610437	0.01436943360759404	0.03295799741730319	0.038906171821081116	0.038906171821081116	0.03432088577726451	0.024758472977051617	8e-301	8e-301	0.014338841544315575	0.014224378950052456	0.021964086373673093
Consumer finance	0.06555272203605343	0.03480029067646917	9.655172413793102e-301	0.016546235054599262	0.05687504608246732	0.05580448701652856	0.02540906057756523	0.04904002896694765	0.055212815535848135	9.655172413793107e-301	0.04861963291014684	0.016304475377914473	0.04276610621117185	0.06432732161728649	0.05289046519820281	0.039913998113723474	0.05436707573897737	0.07974937438173238	0.03988212345324458	0.0208801744058815	0.0476614735549472	0.05618804745947438	0.05618804745947438	0.049550165556908624	0.0357560302014837	9.655172413793104e-301	9.655172413793102e-301	0.020612099374553796	0.02045781840214281	0.031665250190195685
Cruise	0.06924026430575383	0.03686336351116085	1.0000000000000004e-300	0.01744073834342056	0.060238039120795075	0.05913276870535413	0.026907911518339735	0.05215009225194813	0.05861483910911309	9.999999999999999e-301	0.05159872531810647	0.01727940421337775	0.04553169201942568	0.06795542542946022	0.05587087004454831	0.042286002963264825	0.0575927349880924	0.08370579145248375	0.04222525542261929	0.022118018106696512	0.05117132371057168	0.059348797976360425	0.05934879797636043	0.05238244556826971	0.03776741689404754	9.999999999999999e-301	1.0000000000000004e-300	0.02173314544265128	0.02160272945079348	0.03349788755656202
Maternity	0.07135544278299617	0.03777596082565304	1.0000000000000004e-300	0.018036917795917727	0.06190194600458884	0.0607541295977494	0.027600811237889676	0.05360421496975197	0.05988082759231869	9.999999999999999e-301	0.052864011737485006	0.017706240553518115	0.04622937585901391	0.07001189757252359	0.05756314767085044	0.043448357891981836	0.05915298351660674	0.08717439642488123	0.04331630485271995	0.02266557649539183	0.050706716320332135	0.06116180809971101	0.06116180809971101	0.05390430628371664	0.038921150608907	1.0000000000000002e-300	1.0000000000000004e-300	0.02246316423112676	0.02226671273086101	0.034432896447551035
Skin Care	0.06910019026909169	0.0369008532072416	1e-300	0.017446480673580494	0.060152547595581654	0.059027013684416006	0.026920528039119478	0.051787516918906394	0.05818000719087697	1.0000000000000002e-300	0.051377843931047766	0.017200553863383386	0.04518131285721961	0.06783457395059284	0.05580819993566665	0.042217621402917606	0.057494421836019466	0.0832449760701198	0.042261550851733304	0.022140511924344963	0.05031423073921436	0.0592287345163643	0.0592287345163643	0.052248373853470705	0.03769101287405001	1.0000000000000004e-300	1e-300	0.021738036830872037	0.02161527478793645	0.033382824743454005
Construction and construction	0.04041432528102486	0.020570957476322344	7.857142857142859e-301	0.009447020024375393	0.03298905860719853	0.0345145425523888	0.015869472108941494	0.025625637675229962	0.028877146563465496	7.857142857142859e-301	0.027023698162768065	0.00927451049377138	0.023364735639810612	0.03918915688244487	0.032314133903199996	0.02536004792137954	0.032535946790182804	0.035852944602647686	0.022847624207626673	0.012342574485793406	0.025141506317470527	0.03464085024087846	0.03464085024087845	0.02989593421976203	0.02204417742601356	7.857142857142856e-301	7.857142857142856e-301	0.012085984852524165	0.011830720906935453	0.018714092590581367
Furniture/Interior	0.06004222537033288	0.03797863424337792	1e-300	0.014848732826615913	0.05832147182412564	0.050370048365064805	0.029400462192930195	0.04845145074382187	0.04889552225664058	1e-300	0.046904545270270125	0.014537566479034095	0.0405052669345801	0.05888681761153381	0.048190782174147385	0.036561728204164305	0.051787687380643085	0.06387230867304977	0.04228602524610496	0.022787180546026752	0.04488595905776471	0.05146476460314247	0.05146476460314247	0.04628660742157783	0.0327503047474543	1.0000000000000002e-300	1e-300	0.01846798284058517	0.019805140273064913	0.029329661500590354
Antique items	0.07118402515805411	0.03757358911655652	9.880952380952385e-301	0.018004136062695544	0.06164559907847249	0.06046599197413851	0.027441906678728045	0.053441193965793055	0.05948952553965732	9.88095238095238e-301	0.05262648289075854	0.017603851033771475	0.0459076273660533	0.06982683375526882	0.057403961585032796	0.04324365285529169	0.058887614459582405	0.08802862023327178	0.04309737864418679	0.022544153469933912	0.050516241862108104	0.06101487870690352	0.06101487870690352	0.05372619626797237	0.038827650086211335	9.880952380952385e-301	9.880952380952381e-301	0.022421972118631454	0.0221975902885229	0.0342992410257306
Food Stores/Izakaya/Renting/Nightclub	0.050646465480735266	0.030568300917919265	0.011577766222646214	0.01934634659948834	0.04770676254287317	0.04234030873509202	0.022948482975150553	0.03923434601932948	0.03967240616000179	0.007939739144800515	0.03626990853439852	0.018132555358182856	0.03752169123039207	0.04977289244415792	0.03619467468488399	0.027748552017972408	0.042817121795775924	0.061918194069435946	2.777777777777778e+298	0.01447972148743544	0.03635890753225304	0.04341125612634452	0.04341125612634452	0.03943700287648346	0.027625344807673785	0.027376110415484073	0.006841407313381854	0.02174929557525154	0.021641746346440126	0.024768210252624545
drugs	0.06373345302953021	0.03420150373180521	9.999999999999999e-301	0.015985707482237894	0.05559526956881591	0.05483183050159275	0.025046469761316224	0.04740224119220007	0.05450540739966219	9.999999999999999e-301	0.047483103461940304	0.016039337978350308	0.04193759986910661	0.0626501440992163	0.051581186226700985	0.03923244159413241	0.053458785291920864	0.07452598759319481	0.039149152018257694	0.020520902239083125	0.04517980894160007	0.054628674025311616	0.054628674025311616	0.048315367521786376	0.03476370165247103	1.0000000000000005e-300	9.999999999999999e-301	0.019961852662828544	0.01988909239285946	0.03091147676293774
Gardening	0.06878948163823669	0.036600413319054184	1.0000000000000004e-300	0.017371410952699826	0.05985465412604659	0.05879414094529198	0.026755716155332964	0.051724234660978086	0.05780437524981156	1e-300	0.05109794304903677	0.017107360620801898	0.044728999819880905	0.06752156808596653	0.05554762274301644	0.04204461828770561	0.05721053358700696	0.08262756138540334	0.041952281216726055	0.02196024799143251	0.04889315349546673	0.058962412832774314	0.05896241283277431	0.05201432778125917	0.037521535439038196	9.999999999999999e-301	1.0000000000000002e-300	0.02164231738021872	0.02149191145977576	0.03322879482402752
Domain	0.07303233900177088	0.03848873357519469	9.999999999999999e-301	0.018433159794055756	0.06321970310194956	0.062050621375117944	0.02810915792798698	0.05506766415963215	0.061151299957947325	9.999999999999997e-301	0.05408254644112001	0.01808984831351504	0.04722669601435596	0.07162306337188543	0.058852294617872884	0.044367500625132	0.060375063650336465	0.08874444686328714	0.044148517709200905	0.023093240145116812	0.05201721471451622	0.0625991477158036	0.0625991477158036	0.055146771507130404	0.0398358212736932	9.999999999999997e-301	9.999999999999999e-301	0.022958288673775043	0.022730782747156956	0.03522796485431391
Real Estate/Used/Others	0.06816467971054911	0.035964307367834986	0.02620638770269655	0.03434235022704386	0.057547981570725895	0.04829230431275697	0.026316352320291246	0.06032825197557025	0.056436814127746225	0.013856913746556206	0.05090804540495819	0.03879598369487167	0.05038720340452662	0.06706544209553297	0.02926174182870588	0.02472518797469173	0.05602356525651176	1e+300	0.0411912430212233	0.006346642476676762	0.04684560897020283	0.05842686832332781	0.05842686832332781	0.05138168397314466	0.03718073438757224	0.043997546231310275	0.021838656418913797	0.03627357347383717	0.03458564379816253	0.029664144360588705
Resort	0.07232531612129117	0.038211557134527493	1e-300	0.01830943692635817	0.06251612349827712	0.06118510161236522	0.02791135123843419	0.05360491896793266	0.060709305823768885	1e-300	0.05322036159035931	0.017914685140181165	0.0466814295359928	0.07094531134369599	0.058317667968113066	0.04377571437433038	0.059698968588531826	0.09013822505854212	0.04382505648218843	0.022926934280716498	0.05144117679434468	0.06199312810396386	0.06199312810396386	0.05461742552301183	0.039450172429795184	1.0000000000000004e-300	1e-300	0.022791116395692517	0.022574176970965885	0.03488179671693264
Religion	0.06817910135889561	0.03604747330328057	1.0000000000000004e-300	0.017060458253773104	0.059048108315038046	0.05837371281815636	0.026361434525440184	0.051373168178143275	0.05759080843398135	9.999999999999999e-301	0.050761445281493435	0.01702099802782745	0.04445010564165307	0.06693299508514054	0.055029064355629966	0.04174208966493197	0.056745899005776645	0.0816975206592837	0.04130657700144053	0.02162848398196834	0.048456149121338506	0.05843922973619624	0.058439229736196245	0.051577309988516735	0.03718860074121579	9.999999999999999e-301	1.0000000000000004e-300	0.021308259754151623	0.021129104335810417	0.03297663199859513
Cosmetic surgery	0.06669306825833778	0.03571426884387722	9.999999999999999e-301	0.016861491489928312	0.05815732344478844	0.05711714619956329	0.026103990864032083	0.04988921884893548	0.05663798311342813	1.0000000000000005e-300	0.04968213695960374	0.016701043316022703	0.04390341702277919	0.06549614721235766	0.053887053078518765	0.040854110268855395	0.05564341560037731	0.08046381832151536	0.04089775790978091	0.021428561306326335	0.04853047003516931	0.05716548707857524	0.05716548707857524	0.05051005012343645	0.036378037231820606	9.999999999999999e-301	9.999999999999999e-301	0.020995692862876295	0.02090137235148879	0.032306871391090994
movies	0.06602678765357237	0.0344507081983156	9.444444444444446e-301	0.01649928877788856	0.056880626585193314	0.0560901438271598	0.025154790225560473	0.05011454834913484	0.055297226768004464	9.444444444444446e-301	0.04891365797262717	0.016322716060615437	0.04249929416982185	0.06474542391290719	0.05317320327090428	0.040102100713296285	0.054580291922789126	0.0808040719714852	0.03952318674773897	0.020670424918989357	0.046874062622246276	0.05659438941734774	0.05659438941734774	0.04980982642051521	0.03601461144740311	9.444444444444446e-301	9.444444444444444e-301	0.02061368658986313	0.02034602151083721	0.03180817560403306
sports	0.06975443062142607	0.03702494883344903	9.999999999999995e-301	0.017650826172390513	0.06044594902310569	0.0592695610830165	0.027068208217538678	0.051716269435670835	0.05915701120508503	1e-300	0.05152655554707513	0.01740758580270804	0.045427585084830996	0.06846261312086523	0.05628171122842497	0.04240688459778916	0.05783756837444064	0.08622953848347611	0.0424355217256447	0.022214969300069415	0.049680306805735854	0.059789511961222355	0.059789511961222355	0.05276098848226491	0.03804787124805059	1.0000000000000002e-300	1.0000000000000005e-300	0.021970722038702883	0.02180242388547448	0.03373925268978813
Network equipment	0.0663337353715383	0.03541564465319654	9.895833333333333e-301	0.016762557897577354	0.057728132990776886	0.056729590644316125	0.025874414133962863	0.04966419439672365	0.056229019809646556	9.895833333333333e-301	0.04930971055436128	0.0165938936599178	0.04341917536193691	0.06512647418292944	0.05356329965557793	0.040574024739858126	0.05523547531146081	0.08050881059902569	0.040561854804326045	0.021249386791917922	0.047315048290908185	0.056857487461318544	0.056857487461318544	0.05022023572273698	0.03618203747538453	9.895833333333335e-301	9.895833333333333e-301	0.02087239368725393	0.020759647916638608	0.03212193414538547
travel	0.06516859111168068	0.034526307455440504	9.500000000000002e-301	0.016534592495837167	0.05639302008146384	0.055169757768802535	0.025216602642863375	0.04820946357327309	0.05434147617799198	9.5e-301	0.04795002774624312	0.01610476696504678	0.041972899811422576	0.06393078938375177	0.052578267631381875	0.03947186516134923	0.053777965057609185	0.07976449829672484	0.039601932670988785	0.0207157844732643	0.04624243397753414	0.05585879238144058	0.055858792381440585	0.049191063713172896	0.03554650424273491	9.5e-301	9.500000000000002e-301	0.02057510601232894	0.020389959987180743	0.03139547144978297
comparison site	0.06996999236121042	0.037227081859491244	9.999999999999999e-301	0.017696098176890978	0.06078212802589158	0.05960339591233836	0.027186421090715642	0.05229024657826934	0.0589581152596635	1.0000000000000005e-300	0.051903274472073324	0.017414119178247183	0.04568037340529679	0.06867004252027191	0.05647167543803507	0.04263254102264802	0.0580727967104618	0.08528327038655158	0.042660421767493927	0.022336249115694748	0.05078637102112154	0.059974279166751784	0.059974279166751784	0.05290062747594639	0.038165450378842045	1e-300	9.999999999999999e-301	0.022033215758258996	0.021881308966019603	0.03380747426491017
encounter	0.06815576236054778	0.036591646475091194	1.0000000000000004e-300	0.01734979539332783	0.059349454444250466	0.05799325645652004	0.026720479875541644	0.05027226549509877	0.05763884952600869	9.999999999999999e-301	0.050495198685452075	0.017027187579339912	0.04484556242789198	0.06690473910048131	0.055041006223719	0.041493837491114544	0.05654685116689753	0.08368846816809256	0.041910306269171624	0.02195498788505471	0.050239641261180384	0.05841922488046953	0.05841922488046953	0.051600215328500246	0.03717587037848061	1.0000000000000002e-300	1.0000000000000004e-300	0.021555476828590135	0.021473049196562836	0.03299839049025227
Home appliances	0.07001873858633341	0.03713637376976124	9.999999999999999e-301	0.017620106321762277	0.0606862116681562	0.05964932337378444	0.027120741811188117	0.05235004103557781	0.05903970422454928	1.0000000000000005e-300	0.051956239941700816	0.017435585632895302	0.04570470105345004	0.06871785870669404	0.05649738775979232	0.042665000105845584	0.058096093247551696	0.08452177354792255	0.04255501054815697	0.02228182426185674	0.05081302738867004	0.06001606164542863	0.06001606164542863	0.05293386515540425	0.038192039228909125	9.999999999999999e-301	9.999999999999999e-301	0.021969334607904702	0.021802163632047768	0.03383367839044636
Toy store	0.07214226828474299	0.0381166686424727	9.999999999999997e-301	0.01825819335434861	0.062325900193728925	0.060995589871192156	0.027844231081233708	0.05339368030570695	0.060702420425466794	9.999999999999997e-301	0.05308321203067282	0.01790187231730243	0.04666936705993235	0.07076088505547412	0.058151726001683925	0.04364034311408201	0.05950858730077027	0.08978518250404906	0.043713549990934096	0.022870001185483612	0.05142166264900583	0.061836229958351134	0.061836229958351134	0.05450142305418703	0.03935032815531435	1e-300	1e-300	0.02272241551535853	0.02251358091608948	0.03482575843039063
funeral service	0.06186738161075033	0.03281604818738139	9.385964912280702e-301	0.01558050446181104	0.05363560619804952	0.05269126634797958	0.023958727803378415	0.04630570210842507	0.052056124050055656	9.3859649122807e-301	0.045914171667228144	0.015386832161978661	0.0403619480431289	0.06071267784386953	0.04991678396375618	0.03768639900602159	0.05130971033861608	0.07486777297432007	0.03760670376032364	0.019689628912428835	0.045022747597041855	0.053029184237786	0.053029184237786	0.04675815084453063	0.03374584451495473	9.385964912280702e-301	9.3859649122807e-301	0.019422653019624606	0.019273835260147542	0.02987994315999008
games	0.06851608560555712	0.03645411900934364	1e-300	0.01729224472489236	0.059501922147334387	0.05844450123874012	0.02665088057511382	0.050934736141012224	0.0575033479681196	1e-300	0.050673570611244084	0.01700609674629344	0.04434006048356891	0.06727730266251737	0.05537758636090905	0.04181493254205574	0.05698016927567744	0.08268238142124461	0.04178210138974567	0.021872471405606185	0.04841912612048832	0.058728073376191826	0.058728073376191826	0.0517735881682753	0.03737241033030389	1e-300	1e-300	0.021562918850280683	0.021398360642989063	0.03304773538874243
financial	0.06168839198845585	0.032889281595210255	9.428571428571429e-301	0.015581590671946467	0.053664642825758835	0.05270854316263562	0.024001807973592432	0.046387305650997857	0.05188988236127744	9.428571428571425e-301	0.045985020577193385	0.01536662175530168	0.04051067754627886	0.06054551478700762	0.0497920931363617	0.037691002155069736	0.051268376462054455	0.07417938607692431	0.03767550667001002	0.019733568957126156	0.04560524460970116	0.05287576456153359	0.052875764561533596	0.046648924039276556	0.033648213811885014	9.428571428571429e-301	9.428571428571429e-301	0.019405934741538813	0.019290381584074427	0.02981713447257815
Sports equipment	0.06956400335239603	0.03670533596577933	9.886363636363634e-301	0.017505983232020753	0.06018577329466233	0.05919510944647934	0.02682373831949642	0.05220098299597309	0.05868942289051415	9.886363636363636e-301	0.05153758215040549	0.01731061206011115	0.04516803727910321	0.06825401120331703	0.05608871429444391	0.042335895893935716	0.057650484929425566	0.08536738348414324	0.042082313330499735	0.022023201579467598	0.04950724744540629	0.059626288587768035	0.05962628858776802	0.052573576652035485	0.037944001828579654	9.886363636363641e-301	9.886363636363638e-301	0.02182403645106777	0.02162013024639759	0.033606899378132576
Internet Service Provider	0.06541824352532943	0.034856474975783425	9.716981132075472e-301	0.016522486162170662	0.056858142482897396	0.055762896963184684	0.02545662923876586	0.04890042181954722	0.055317650582724864	9.716981132075472e-301	0.048596791756849014	0.016326332703902928	0.04290325270065542	0.06420397618947211	0.052788611812554696	0.039883708472756726	0.05431723254293336	0.0794028453918798	0.039934511749244984	0.020913884985470053	0.04779411873557119	0.05607278016456809	0.05607278016456809	0.04949589604440206	0.035682678286543326	9.716981132075474e-301	9.716981132075472e-301	0.020572566931547864	0.020451198050801967	0.03165228663930476
Seasoning/Preserved food/Food accessories	0.048831601301590734	0.027604965831484626	0.013394291529762322	0.021415959865648336	0.046242676509928526	0.03926745245153931	0.02014194165105015	0.040984625881305005	0.038654390364420275	0.009516018851401475	0.03550463338216041	0.020995093089753347	0.03873886869703819	0.04810783977244944	0.032951316195345554	0.025446231849249355	0.04161380942216035	0.05106023200732801	0.04450641976046123	0.011422744481993638	0.033848357089973635	0.041855658258506345	0.041855658258506345	0.0367796015710542	0.026635418891776765	0.031664281770394834	0.008523640064394204	0.023514050286178832	0.022643531296888595	0.023316843583083124
offices	0.06274807684361682	0.03328518456582417	9.393939393939394e-301	0.01585008288090106	0.054463075414514416	0.0533626838046909	0.024275179244888256	0.04724604748106986	0.052789722938694376	9.393939393939394e-301	0.04663849464077736	0.015589562613065797	0.04109171444066559	0.06154607513160546	0.05058045295340863	0.03815667799782614	0.05195687896616838	0.07704636850338978	0.038144384033295425	0.019971110739494497	0.04662292491949465	0.05378406586595726	0.05378406586595726	0.047427802302941746	0.034226223732881894	9.393939393939394e-301	9.393939393939394e-301	0.019731081105278953	0.019586176099098865	0.030314452343575195
Hiring jobs	0.06438569359110292	0.03458097276626551	9.999999999999999e-301	0.01614867760065848	0.05630801325368762	0.05551000675841028	0.025311761408664958	0.04847700941522439	0.05494368248664827	1e-300	0.048138670463395095	0.01618405448419187	0.04239875199728547	0.06327462179498539	0.05208865445906557	0.03970069943281071	0.054053107245314785	0.07605589960181337	0.03957203260369235	0.020748583659759304	0.045757997788023405	0.05518773736380251	0.05518773736380251	0.04880686068185705	0.035119469231510686	1.0000000000000004e-300	1e-300	0.02015976719759992	0.020098455136145704	0.031224300252803896
Real estate/sale	0.031467632420631615	0.01563882916077368	7.500000000000002e-301	0.007921999443709995	0.025478553771716584	0.03355633056524773	0.011477167883850939	0.0218793104118563	0.025324670447736064	7.5e-301	0.023294630870607614	0.00786255375086864	0.01906223411939096	0.030967300976268868	0.02545991971139588	1.1904761904761906e+298	0.028614082698035077	1.6666666666666668e+299	0.017872039505513696	0.009383297496464209	0.019922384590886105	0.026972256360541378	0.026972256360541385	0.023819648678155607	0.017164163138526336	7.500000000000002e-301	7.499999999999999e-301	0.01013179195806904	0.009575605811652213	0.015036553658804908
School/educational institution/education service	0.04292159036304613	0.02052311496041591	0.0023477999579071813	0.011570108041420597	0.03338603144218923	0.03965596183079142	0.015144672637895767	0.029950273046360637	0.03246619492600386	0.0025143644601798155	0.032936312012917635	0.01190435508717683	0.025260940291380055	0.042111767102687964	0.03236643062555788	0.027035039558137595	1.9027484143763214e+298	0.039500072375908676	0.023347471333932564	0.011372681538574422	0.02550532672898592	0.03678993459689668	0.03678993459689669	0.03179635027689386	0.02341177656166153	0.008397897193021012	0.0012496354614667255	0.014736236959085857	0.01346067018208223	0.020233377359408042
Renovation	0.06728198309257011	0.03557414794682834	9.594594594594594e-301	0.017111051050112815	0.05832898066815344	0.05706224232952785	0.02597575274095384	0.05049194032225217	0.05613342139949432	9.594594594594597e-301	0.04970307923347467	0.016625894787856466	0.04341528255126833	0.06597873065156153	0.0542350095700449	0.040805554076609615	0.055553989683819624	0.08388487539923675	0.040811246870886	0.021344488768097	0.0479259572487438	0.057670271222202946	0.05767027122220295	0.050793563407876906	0.03669926350503824	9.594594594594596e-301	9.594594594594594e-301	0.021268987223111543	0.02106742895655185	0.03242971915810542
Photos/videos	0.013025420773981273	0.007478613438751073	6.0000000000000025e-301	0.0026693457315628316	0.01079632086117482	0.0090821442245674	0.005959461529842839	0.007620704236249766	0.00880116076486408	6.000000000000001e-301	0.007764071482038446	0.0026059513281482057	0.009041896645329056	0.01249220569020582	0.010014207991999294	0.006498623531946052	0.009122142509241473	0.011127807612403003	0.008164272851331656	0.004487168063250644	0.008455541929769021	0.011164646377698234	0.011164646377698234	0.00928874350775739	7.272727272727273e+298	6e-301	6.000000000000002e-301	0.003303555354959542	0.003699903097388884	0.005811495920607709
shoes	0.07250323670841663	0.038146444666105034	1e-300	0.018257906189480793	0.06251726520279914	0.06128365335914458	0.027861501584878236	0.05379604902694598	0.060908398748875534	1.0000000000000002e-300	0.05332611176690326	0.017952073593536046	0.0467363703917065	0.07111102864714258	0.058436491398077536	0.043845408078147574	0.05979884158317735	0.08986294463784267	0.04375342365984833	0.02288786679966302	0.05157183813088493	0.06214563146435712	0.06214563146435712	0.05474272698557611	0.039547220022772715	9.999999999999997e-301	1.0000000000000004e-300	0.022759212862961384	0.02251973586304313	0.03496305864578287
Insurance	0.07051729147877589	0.03749638014599434	9.999999999999997e-301	0.01782840867433784	0.061262436491366624	0.060044157720875145	0.027370613876396246	0.052829165372057334	0.059321932351534136	9.999999999999999e-301	0.05233653031851448	0.017529083858688774	0.046046003077194655	0.06919558571405567	0.05689862921703236	0.04294367052733324	0.05848973777303483	0.08603746334084068	0.04297112191289365	0.022497828087596605	0.05151010458563168	0.0604433926960936	0.0604433926960936	0.053300186496146866	0.03846397717024139	1.0000000000000002e-300	1e-300	0.02219833385469812	0.022042973989692807	0.03405838726528962
investment	0.06531924847391828	0.03442200954608169	9.571428571428572e-301	0.016381148783034073	0.05655592740003879	0.05577096730082557	0.025154263046173107	0.04936567364842685	0.05483311085435527	9.57142857142857e-301	0.0485128752904501	0.016207852727994902	0.042251552743491315	0.06410595664637941	0.05270367571200362	0.03988155357742812	0.05427601213010452	0.07973929092775826	0.039465474587073245	0.02065320572764901	0.04622531981735516	0.05598792726335852	0.05598792726335852	0.049322846969011694	0.035628680985773604	9.571428571428572e-301	9.571428571428574e-301	0.020455627120016567	0.02024704751797285	0.03149890951595682
Detective	0.0626618084100016	0.03365338890246631	9.545454545454548e-301	0.015942082097308328	0.054781564721707664	0.053514157978282496	0.024559310147197224	0.047062770073652886	0.05279901671949991	9.545454545454546e-301	0.046698050101871696	0.015621280727245045	0.0413005477037978	0.06149485425861437	0.050586869539668906	0.03826624097652187	0.052092048676688915	0.0758141159964176	0.03854834179395338	0.020192033341479787	0.0466158707517024	0.05371012149428708	0.05371012149428708	0.04742585202549905	0.03417916822363724	9.545454545454548e-301	9.545454545454548e-301	0.019806158775436823	0.019737362126985042	0.030320769563249396
Books	0.06652872084694282	0.03604916635073238	9.999999999999997e-301	0.01684479422326727	0.058271253874444734	0.05689269552164975	0.026298865154916803	0.049300516192544504	0.056191218477693906	1.0000000000000002e-300	0.04929578473344285	0.016598359840460368	0.04347551047548184	0.06534861011590892	0.05382651082714667	0.040706626778536086	0.05552686211032778	0.07959920203776982	0.041228760735792166	0.021629499810439424	0.04738573757249319	0.05702461786880813	0.05702461786880813	0.05037031823026143	0.03628839318924153	1.0000000000000004e-300	1e-300	0.020972570109028435	0.020960016822009795	0.03217982605293051
Entertainment facilities	0.06514746171716505	0.03462677612144706	9.67741935483871e-301	0.016406085923885087	0.05656243464646788	0.05560409955851017	0.02529109493679568	0.048768647096744736	0.05488127088127268	9.677419354838714e-301	0.048393721313910634	0.01621796259855924	0.04251607443403817	0.06395264645115029	0.05259997969147548	0.03977189735163256	0.05415767395097644	0.07849501754371406	0.03967526112457341	0.020776065672868237	0.047175008231723305	0.05584068147185576	0.05584068147185576	0.04924655173891712	0.035534979118453665	9.67741935483871e-301	9.677419354838711e-301	0.020457886856630775	0.02031051953764837	0.03146707495400949
Construction materials	0.07029342169491298	0.03732774992118833	1e-300	0.01774715853386686	0.06096991382705164	0.05984782796625162	0.02726049352965981	0.05248902494988032	0.05919077084765491	1.0000000000000004e-300	0.05211499577834699	0.017489025076336217	0.04583361101520849	0.06898514042458778	0.056723528166880394	0.0428083595484963	0.058300470921513	0.08547431308906522	0.042778502777424836	0.022396649952712996	0.05091149516098088	0.060251504309925416	0.060251504309925416	0.05313511572922352	0.038341866379043445	1e-300	1e-300	0.02210829124450613	0.021942999545435746	0.033956125001976506
phone	0.07078468760841125	0.03744672946283219	9.999999999999997e-301	0.017879069053933605	0.06111059845159569	0.05989321149579102	0.027363314110485287	0.05222433426005102	0.05969983964954631	1e-300	0.05212974759290563	0.0176210220317542	0.045978699460189655	0.06943496853959297	0.05705621845858177	0.042851550329458275	0.058377254042831186	0.08757530197189323	0.04293537295952239	0.02246803767769931	0.050593290596009144	0.06067258937863821	0.0606725893786382	0.053526085610014935	0.038609829604587954	1.0000000000000004e-300	1.0000000000000004e-300	0.022255718427564835	0.022072139141554727	0.03422577930717716
Music	0.06744697909838754	0.03600956437173009	9.999999999999999e-301	0.016933815895343284	0.05880654074997067	0.05793156140425294	0.026297256548332086	0.051027587659576344	0.057364901680707556	9.999999999999997e-301	0.05050969643852577	0.016898749804162855	0.04458451062794016	0.0662388909014054	0.05448083066099841	0.041425461145111614	0.05640191776201188	0.08030999865358082	0.04122262114640417	0.021605738623038055	0.049926340378166414	0.05781169637004646	0.05781169637004646	0.05106041677629253	0.0367892613263932	9.999999999999999e-301	9.999999999999999e-301	0.021128866824684674	0.021021476283140456	0.032663585952107235
Shopping center/Commercial facilities/Factory	0.01472921095737729	0.009238274212071584	6.25e-301	0.003567398898134455	0.013417717917227526	0.011624507537287082	0.007200689066919135	0.010642802585665153	0.012103394735357717	6.250000000000001e-301	0.010518767664657428	0.003517175891544617	0.009894904393651434	0.0144195470647925	0.011851725125265536	8.620689655172414e+297	0.012101812901538481	0.015322162157123512	0.010210462018839763	0.00554296452724295	0.010858812687075729	0.012625037963466248	0.012625037963466248	0.011280677615729307	0.00803411506766034	6.250000000000001e-301	6.250000000000001e-301	0.004439478289458557	0.004782586465406697	0.007142861418531516
fortune telling	0.06245424387599223	0.033178781055396074	9.565217391304347e-301	0.01575751682082677	0.05421822831170488	0.05337818365713476	0.024261329899142522	0.046818425044336524	0.05271091426824736	9.565217391304345e-301	0.04640569968741933	0.015583918486901821	0.040733332705004247	0.06130884784546415	0.05041730574785888	0.03817476797202404	0.05193066725288685	0.07597310312939402	0.03802182013578622	0.019907268633237645	0.0444534626357946	0.053532209036564755	0.05353220903656477	0.04725204124010997	0.034065951205086674	9.56521739130435e-301	9.565217391304347e-301	0.019633229204912513	0.019490644871091617	0.030208949863659185
Learning materials	0.06873314655588146	0.03647272084752339	9.999999999999999e-301	0.017284017593642266	0.059670549808406616	0.05879601175970146	0.02666873008027391	0.051579291665453934	0.057899165988307896	1.0000000000000004e-300	0.051056713368191	0.017112661432310182	0.044658031978197184	0.06748855743120884	0.05552026952611753	0.04205353674897391	0.0572442740353397	0.0827304201591402	0.04179795378051938	0.021883632508514033	0.048659827459777066	0.05891412561932696	0.058914125619326976	0.05195964676207584	0.03749080721229898	1e-300	9.999999999999999e-301	0.021568197287724064	0.021395882576616794	0.03319349074519156
Care Center	0.0686802585550477	0.036901359555996265	1.0000000000000005e-300	0.01750604751707418	0.059887100847364504	0.058467943438947956	0.026941572960628577	0.05074486570631189	0.05775395099580255	9.999999999999997e-301	0.05086046368221814	0.017093833812839195	0.04498725919962282	0.06742355680720344	0.05549560244205032	0.041833099020997126	0.05701418116135521	0.08389246014789488	0.04227343169587282	0.022140815733597753	0.050383509984439794	0.05886879304718373	0.05886879304718373	0.05195081564626509	0.03746195921184421	1.0000000000000004e-300	1.0000000000000004e-300	0.02175216909052506	0.021662185811128915	0.03319002605821395
Make-Cosmetics	0.07296374183839821	0.03280047328191349	0.030675018270835703	0.04727545359727994	0.05747185073396326	0.056293457267065125	0.025339430721425953	0.06349775753225416	0.04733417546900307	0.014272903060571133	0.048766155750349316	0.04611706322596043	0.0525624342604119	0.07084304405175905	0.029362395626719526	0.022551100883920278	0.05894818805353455	0.05805943348687337	0.036563331831742305	0.002612427075550632	0.039469097943238204	0.06254035014719846	0.06254035014719846	0.05169744146122605	0.039798404639126296	0.04730963689225725	0.028295059956719142	0.04824954335781311	0.04584386213751842	0.027959648034494616
Credit card	0.06982930405486636	0.037409079680062365	1.0000000000000004e-300	0.01779110804663085	0.06095495962234302	0.059476120684654264	0.027303861045119983	0.05226234530464604	0.05869841646157726	1e-300	0.05184774193252959	0.017361701753729728	0.04574843755804104	0.06851842576990097	0.05636524742870011	0.0425353730601513	0.05794246938464552	0.08476619469581395	0.04286768029385235	0.02244544780803741	0.05134361451116719	0.05985368918988545	0.059853689189885435	0.052812572008853066	0.03808871130265438	1.0000000000000002e-300	1.0000000000000004e-300	0.022098433258329712	0.021994959110937604	0.0337480059679799
Language/studies/study/abroad	0.04060197374169989	0.018433555542338997	0.005252895992124903	0.01073124331025158	0.03251154826687509	0.03316638028470179	0.013511475572065775	0.028128830720753003	0.03142245543583845	0.004944136830816863	0.029293516592096638	0.012733871085199905	0.02767361512400082	0.04042795541863805	4e+297	0.022871153743845886	0.03216320636855583	0.03913530834577034	0.021085837317572236	0.009617507239481217	0.027491148048321406	0.0348016917785999	0.0348016917785999	0.032408372152432564	0.022146531131836303	0.01708306415079705	0.0029182755511805015	0.013114986542884583	0.012338682384774171	0.020850600459063843
Internet	0.07116771393711067	0.037646754055451266	9.999999999999997e-301	0.017962290564457115	0.06180800209277731	0.06075905323467903	0.027508974150750435	0.053939199258451136	0.05979871965284788	1.0000000000000002e-300	0.05291510807438117	0.017680019669265683	0.04621193541344563	0.06982606905537384	0.05739875599300152	0.04343923240548349	0.059096021613032935	0.08764278679857206	0.04316504638326575	0.02258805243327076	0.05064781739392352	0.061000897660380575	0.061000897660380575	0.05377963449634288	0.03881875305660582	1.0000000000000004e-300	1e-300	0.02237610840596141	0.02218038988395586	0.03436354281116772
points/Sweepstakes	0.05739277850816049	0.0315729863466446	0.007871595971935071	0.016299144746486787	0.051818415275168075	0.050232038709197034	0.023407373569872676	0.04445511543200012	0.04962770419900383	0.007706919501145561	0.043087530033196625	0.018942800426459502	0.039699360195695275	0.056565835045868956	0.04142952068691499	0.03270060933780138	0.049322666313359236	0.06607957928059165	0.03945929428207192	0.015689643521952224	0.04126322664729237	0.04919381014985186	0.04919381014985186	0.043552893704504984	0.031305151913542086	0.023218856643462533	0.004515810320741699	0.019594038935125225	0.019455219158764293	0.02796318491919335
Manga/animation/youth	0.03655993894095264	0.020504687346613107	8.333333333333331e-301	0.009152233988528848	0.033429943945254996	0.033028784448837535	0.015028496312939519	0.030978787726943475	0.032062539103270914	8.333333333333333e-301	0.028064487762909755	0.009254945584644625	0.024512505614061868	0.03605755567876692	0.029846596312422112	0.0235790234615595	0.032159772390042564	0.04013838379615908	0.023365148560008108	0.012302812407967862	0.025667469665917455	0.031337090520816555	0.031337090520816555	0.027825993133995554	0.01994178487688326	8.333333333333336e-301	8.333333333333334e-301	0.011458924282811643	0.01158490256526119	0.01776513165176657
Junior College/University	0.020001900957769502	0.013504342054696463	6.25e-301	0.004582521234583307	0.021457416564518276	0.015137102680391803	0.01098468620447778	0.013166825142205388	0.01445025903259822	6.250000000000001e-301	0.013066916656507454	0.004324434349454419	0.013021468980501093	0.019359846554454573	0.016397456353985106	0.010830497331655784	0.01582658525416914	0.019884777758268506	0.014540068404829706	0.008102605232817878	0.015266214794498044	0.017144486535231002	0.017144486535231002	0.015350429586856488	0.010910127795147	6.249999999999999e-301	6.250000000000001e-301	0.005682921288511863	0.006494339981750412	0.009595154558371751
TV Shows	0.05877736114945307	0.031526566441010914	9.464285714285714e-301	0.014908778626577331	0.051280124683865586	0.050355192468713464	0.023071413771249685	0.04365805293213017	0.04997069598199098	9.464285714285715e-301	0.043643576512162406	0.014722328987207224	0.03849183349685674	0.057747901481445096	0.047538962410193085	0.03602914523513062	0.04911853161423111	0.0721694927037703	0.03610644420926597	0.018915939864606553	0.04171664255795572	0.050380595270959776	0.05038059527095976	0.044516335615280914	0.032060378808792575	9.464285714285715e-301	9.464285714285714e-301	0.018557434885028895	0.018469733158241672	0.02846236090215127
Hospital/Clinic	1.0000000000000004e-300	8.333333333333334e-301	5.000000000000002e-301	6.363636363636363e-301	9.999999999999997e-301	1.0000000000000002e-300	7.5e-301	8.75e-301	1.0000000000000002e-300	5e-301	9.09090909090909e-301	6.428571428571429e-301	9.000000000000002e-301	1.0000000000000002e-300	9.23076923076923e-301	8.57142857142857e-301	9.84375e-301	1e-300	8.750000000000002e-301	7e-301	8.750000000000002e-301	9.285714285714287e-301	9.285714285714287e-301	9e-301	7.727272727272726e-301	5.000000000000001e-301	5.000000000000002e-301	6.666666666666666e-301	6.785714285714285e-301	7.592592592592594e-301
Sunburn/Sun care	0.053669383728776304	0.028195838022662578	0.009358568711400828	0.016315607638307836	0.04941685223193735	0.04695074076575915	0.020677540893357185	0.040540751431471796	0.04276684082620163	0.007772886162395331	0.03868023685210473	0.01896339285140213	0.03596410919260359	0.052761806087209366	0.03807968989419547	0.03081784718489996	0.051015912275954506	0.052587524299742075	0.032065056657473695	0.013575773862763464	0.03460722831648501	0.04600232891037969	0.04600232891037969	0.0401826337111829	0.029274209306605257	0.02630387903780865	0.005475758288585591	0.019618671302847775	0.018754181243517496	0.025330382194191998
pets	0.0732797463414237	0.038716531723918306	1e-300	0.018572349067739517	0.06331904533566252	0.061903958397417004	0.0282738726072199	0.05423745766601472	0.061316805979557326	1.0000000000000002e-300	0.05386298848397704	0.018123277951513632	0.047223052460210704	0.07186916103190522	0.059074386272278095	0.04429005027956387	0.0603869247388903	0.09186048658160909	0.044411587834044426	0.023229919034350982	0.052123186942483024	0.06281121114979174	0.06281121114979174	0.05531418118444432	0.03997077073168565	9.999999999999997e-301	1.0000000000000004e-300	0.023109998260220282	0.02288895963692069	0.035320015221412725
Mobile phone	0.06886044544585189	0.03661923892220911	1.0000000000000004e-300	0.01726635427975665	0.05981256735725835	0.05881905823424888	0.026768211056682385	0.051678266709205944	0.05821833322060873	1e-300	0.05115492616310231	0.01718587737431196	0.04493805255827957	0.06759168964134402	0.055578691219645836	0.04206548758017251	0.057258257938031645	0.08224837643017018	0.04194570025581548	0.02197154335332547	0.04907625018717038	0.05902323895358732	0.05902323895358732	0.0521002798186779	0.03756024297046467	1.0000000000000002e-300	1.0000000000000004e-300	0.021545095443062705	0.021413400988853606	0.033313211485887284
online game	0.0699806437257628	0.03701361980612965	1.0000000000000005e-300	0.017621676734048283	0.06061448260174781	0.059678382276725485	0.0270513645422605	0.05251202222555937	0.05871655923187361	9.999999999999999e-301	0.05189567965436669	0.017382887979413116	0.04536808469697686	0.06867723736496152	0.05647165051009118	0.042679483426000676	0.05805656479736753	0.08466968187538243	0.04243352592117346	0.02220817188367779	0.04969606496576156	0.05998340890779668	0.05998340890779668	0.052884080880379304	0.038171260214052434	1.0000000000000004e-300	1.0000000000000005e-300	0.021972751079831595	0.021777093106637148	0.0337820617691287
Fitness/Gym	1.0000000000000004e-300	8.333333333333334e-301	5.000000000000002e-301	6.363636363636363e-301	9.999999999999997e-301	1.0000000000000002e-300	7.5e-301	8.75e-301	1.0000000000000002e-300	5e-301	9.09090909090909e-301	6.428571428571429e-301	9.000000000000002e-301	1.0000000000000002e-300	9.23076923076923e-301	8.57142857142857e-301	9.84375e-301	1e-300	8.750000000000002e-301	7e-301	8.750000000000002e-301	9.285714285714287e-301	9.285714285714287e-301	9e-301	7.727272727272726e-301	5.000000000000001e-301	5.000000000000002e-301	6.666666666666666e-301	6.785714285714285e-301	7.592592592592594e-301
Real Estate/Rent	0.057369292801201954	0.030403515418266105	0.015373251162257469	0.018527138287052602	0.0512905332410923	0.05067048271586618	0.022327466228278962	0.04557039206925814	0.047630763471776964	0.009161686373982948	0.042624134091337425	0.022309695370608423	0.040166975283921734	0.05653234746233184	0.03773281930816106	0.0310211219104129	0.05043349454654073	2e+299	0.034727831204532336	0.013030078036399759	0.03819810096883244	0.049173679543887384	0.049173679543887384	0.04334632504501318	0.031292341527928334	0.03207179293861185	0.009608281976410917	0.021755781430829492	0.020902413713295306	0.027144711933182013
Toys	0.07221582855960762	0.038232970436517764	9.999999999999999e-301	0.018369643150860593	0.062454828153154854	0.06105928677193829	0.02793097595792727	0.05340085122116227	0.06080925483180483	1e-300	0.05314564039306099	0.017935335178757516	0.046783924641464976	0.0708345444640337	0.05821182506511371	0.043686681847284366	0.05957592765907876	0.09123453341605632	0.04384441869150883	0.022939782261910662	0.051520883816000354	0.06189928162252082	0.06189928162252082	0.05456766864792613	0.03939045194160416	9.999999999999997e-301	1.0000000000000005e-300	0.022827611798276623	0.02262607042635856	0.03487473862583432
Bank	0.06678269265961766	0.03633556988596612	9.999999999999997e-301	0.01703387575792021	0.05864060448190134	0.05711769504418515	0.02651074700360078	0.04936843818693838	0.055977145164671456	9.999999999999997e-301	0.049451833435137066	0.016611165479412573	0.04353871544902633	0.06559929780988726	0.05406683301201255	0.04086755075510849	0.05570450441688383	0.0799502927770234	0.04157205247745188	0.021801341931579666	0.04746846754813332	0.057242307993958005	0.057242307993958005	0.05053760285854674	0.03642692326888237	1e-300	1e-300	0.02117047673062699	0.021169953071072903	0.0322615113567664
Tool	0.07223002547521375	0.03821308198609424	1.0000000000000002e-300	0.018356965434340178	0.06232173729796958	0.061063919693982664	0.027916456022179428	0.053206873260625835	0.06058149382222531	1.0000000000000002e-300	0.05315348320825685	0.01793836107308599	0.046785743049930044	0.07084724512441413	0.05821826381670629	0.04368990548045076	0.05948170471702075	0.08986412835804346	0.0438216387862039	0.022927849191656545	0.05154894238854453	0.061911450407326055	0.061911450407326055	0.05458158326259244	0.03939819571375295	1e-300	9.999999999999997e-301	0.022816923709639204	0.02261184755257319	0.03488370164929386
Clothing items	0.06650025982073916	0.03555381945927281	1.0000000000000002e-300	0.01674290486458759	0.0579189141547069	0.0570415168212022	0.025991904046153966	0.049770254909484654	0.056404562929882204	1.0000000000000005e-300	0.04957681293191808	0.01664911302652037	0.04370863374660045	0.0653219227250886	0.05375159031160242	0.04080108392918696	0.05554494448570926	0.07965931764066457	0.040710998347948536	0.021332291675563685	0.04816325954393588	0.057000222703490706	0.057000222703490706	0.050350951841707806	0.03627286899313045	1e-300	1e-300	0.020879902777847334	0.020773815134877277	0.03219640176474172
SNS	0.0709084238626375	0.03719099711631746	1e-300	0.0175844602456483	0.0610099864629015	0.06046730064095555	0.02719026356681723	0.05290842620176113	0.05981773165135713	1.0000000000000004e-300	0.05250576678492471	0.017643442510965737	0.04581407285588502	0.06962795776528585	0.05723776075678777	0.04326383499644413	0.058927919444130054	0.08656482263751591	0.04262470673465665	0.022314598269790476	0.04989019339868441	0.06077864902511785	0.06077864902511786	0.05353249249984968	0.03867732210689319	9.999999999999995e-301	9.999999999999999e-301	0.022039991212438603	0.021785861003648835	0.03419498328364623
Office supplies	0.06469233655718638	0.034220389502373716	9.52380952380953e-301	0.016295791179448564	0.05596346148064063	0.05492114252704887	0.024969905285813512	0.04842725027999369	0.054552624898185964	9.523809523809523e-301	0.04798275802979844	0.016105368547658618	0.04233616323756304	0.06345087041113465	0.05212465643259503	0.039276849687942296	0.05346802541468089	0.07898754804824362	0.039219163077962346	0.020532233701424228	0.0476719300484857	0.055450574191874026	0.05545057419187404	0.048908358275052334	0.03528672903119257	9.523809523809525e-301	9.523809523809525e-301	0.02029768248282568	0.0201367765343611	0.03127824033359643
Eating and drinking establishments/Mass eatery/Family restaurant/Coffee	0.04438638545227002	0.02407710944078072	0.008572909156582294	0.013032730741350406	2.3809523809523812e+297	0.040980647244572614	0.01779678597699374	3.5714285714285714e+297	0.03654326834174546	0.00653448697350801	0.03554592610316278	0.015211307936251812	0.03272200028052635	0.04362993137992315	0.03378600799073186	0.02811963829208273	0.04092141236867241	0.04670123891851234	0.027359707380609145	0.012561970143016032	0.03053804834509878	0.038045473244802876	0.03804547324480286	0.033716608213012034	0.024210755701238193	0.022634240866448347	0.004762727309212387	0.015708028828226084	0.015337644556883691	0.02169016971840858
Electricity/water supply	0.015614034159245649	0.010576700766706007	6.250000000000002e-301	0.003717694805168563	0.015216087706621279	0.012535232446341431	0.008483110656439415	0.010637993585625016	0.01209355707096455	6.250000000000001e-301	0.010751801099971304	0.0035930125692883127	0.010571760981974368	0.015217132528292392	0.012843792309211587	0.00896959165449671	0.012637353792687931	0.01569551841775535	0.011499429756747562	0.006346020460023605	0.011959575111142158	0.013383457850781984	0.013383457850781984	0.011993061259866692	0.008516745905043081	6.2500000000000024e-301	6.250000000000001e-301	0.004604473419346393	0.005187481796926587	0.007557028756150213
Supplement/Health food	0.01340986128701858	0.008324843839354555	6.666666666666667e-301	0.0032039267231529075	0.010912619874111839	0.011620626726991724	0.006102640475932094	0.00823228595023242	0.01124999615959615	6.2500000000000024e-301	0.009941880333435946	0.0027453347974805446	0.0075682386330957595	0.013193118333973792	0.00782720943383669	0.0062924786497446285	0.01071814173397354	0.01430812583939079	0.03539116503461125	0.0038422356181636403	0.009906202346510488	0.011494166817444496	0.011494166817444496	0.010249956213941596	0.007314469792919224	8.200000000000001e-301	6.500000000000002e-301	0.0039870739683489816	0.004245469187465107	0.006024530352334117
Securities	0.06898837062374905	0.03685239384821327	1.0000000000000005e-300	0.017468159883987047	0.06012726807188498	0.0589197099598354	0.02690766851790342	0.05180405141947776	0.058323536295536514	9.999999999999997e-301	0.05135686356819028	0.017209343377677894	0.04531715076301099	0.06771569611020468	0.05569351791691152	0.042137352333169335	0.05740062415994993	0.08412082244186392	0.04221493366325829	0.02211143630892795	0.05069592024847579	0.05913288910607061	0.059132889106070625	0.05219551154778356	0.037630020340226764	1.0000000000000004e-300	1.0000000000000004e-300	0.021738442279749186	0.02162192430489266	0.03337077965407681
Parts/Accessories	0.07085140126219389	0.032928268548488744	0.005692176024391544	0.01782182336346032	0.05404265736980247	0.05800795993463596	0.024074201417115172	0.044960618254344185	0.04957422711794735	0.005543601587837159	0.04885810593609075	0.01881677438301058	0.04091835859956507	0.10005967357394972	0.05025480608310933	0.03881478956716093	1.8975332068311196e+297	0.07532728618136925	0.04860389408338529	0.017561743225860665	0.04161980766471288	0.0607297725104519	0.060729772510451904	0.05165154929901082	0.038646218870287574	0.018595674774838675	0.0031145868812708444	0.022201762746216276	0.020988239821457547	0.03232174234996848
AirplaneFlight ticket	0.06216884768071783	0.03345534865501345	9.722222222222225e-301	0.01573764759576166	0.05432667093423689	0.05335301133433919	0.024442127278119622	0.04641711498156438	0.05267810250639337	9.722222222222221e-301	0.04634123215070329	0.01556875497959927	0.04092253019333085	0.06107241106664344	0.05027713121985938	0.038163600310605235	0.05195717693282474	0.07417379162119156	0.03829611797739865	0.02007320919300807	0.045040995065008	0.05328758372632956	0.053287583726329565	0.04709011878340366	0.03391028055311881	9.722222222222223e-301	9.722222222222225e-301	0.019595132373487437	0.019534297822744184	0.03010989725681079
other	0.06880142397979372	0.03673389187825079	9.999999999999997e-301	0.017508412591949886	0.05984136141719928	0.05848242186518326	0.02685458844683871	0.05092044883660848	0.058136379947715144	1.0000000000000002e-300	0.05079895412551607	0.017140690195049296	0.04480076322921495	0.06752857644427841	0.0555496807539593	0.04184284892373958	0.05706345909373333	0.08480296438967747	0.04210349877789111	0.022040335126950476	0.049063885255799855	0.05897264912553747	0.05897264912553747	0.05205648212259854	0.037528049443523843	1.0000000000000004e-300	1e-300	0.021759235557949255	0.02162815815330008	0.033272012869001714
car	0.06625760038482427	0.035897994891747276	9.999999999999997e-301	0.016904443397239077	0.05806113493891857	0.05663732861065597	0.026200103443789872	0.048992530844035584	0.05609201796867597	1.0000000000000002e-300	0.04930006314208667	0.016569197159375094	0.04389414633281597	0.0650788882098123	0.05359512149255421	0.04052408154785201	0.0552599709978756	0.07907175573561785	0.04108835392789076	0.021538796935048368	0.04975392129082941	0.05679222890127794	0.05679222890127794	0.05018372409526938	0.03614050930081324	1.0000000000000004e-300	1e-300	0.02099832092715754	0.02097449014606226	0.03208136536374372
Human Resources Services/Employment/Career Change/Dispatch	0.050562232212574734	0.024406233223211417	0.006544534489905605	0.01454662168018046	0.039299072538019744	0.044734434093951565	0.01800913212388836	0.035125272436990186	0.03834347358852159	0.005464388754087658	0.0364110249295232	0.01587412501514605	0.03064243197998301	0.04955605472904895	0.03587075716209409	0.029414823204439274	1.4147431124348473e+298	0.049125867456064023	0.027747291647202355	0.012305663810022566	0.030284661328171907	0.04333905618220692	0.04333905618220692	0.03737666212171592	0.02757939938867713	0.01838270643364996	0.0037195555733995885	0.01806470084485639	0.016590064487026254	0.02355723062266697
Baby	0.06913382070545403	0.03761946287206195	1e-300	0.017798861804935194	0.06076881583134839	0.05864355798468024	0.02747019829715333	0.05087992814234002	0.05774599357419228	1e-300	0.05088630506622407	0.017122924422210837	0.04496167465346839	0.06783754254705357	0.05588401780719151	0.04195833953464963	0.05726211620826316	0.08425485917963868	0.04308338940507393	0.02257167772323717	0.04948925416826527	0.05925756060467489	0.059257560604674894	0.05229645324231595	0.03770935674842948	1e-300	1e-300	0.02204225044617848	0.022046133462176643	0.03338316126146443
Gambling	0.0659013453684938	0.03539573862641559	1.0000000000000004e-300	0.016595632556556092	0.057634422740699714	0.05670783933211033	0.025892140871380715	0.049587329935393845	0.055655574238819894	1e-300	0.04917411522287446	0.016468804359331055	0.0431272116513811	0.06474565217443112	0.053314881279168086	0.040555468357795804	0.055181418191465326	0.07772844825217742	0.04052153839191082	0.02123744317584935	0.046733146154426634	0.05648686745870897	0.05648686745870897	0.04989287822714029	0.0359461883828148	1.0000000000000002e-300	1.0000000000000004e-300	0.020699971499908373	0.020624226714383128	0.03188211157401567
Living consumable materials	0.06491350442232346	0.03480318543014839	9.819277108433735e-301	0.016417291026725088	0.05661573484613604	0.055529079036091104	0.02543516964777751	0.04841379642673576	0.05483940685513258	9.819277108433733e-301	0.04824886100099128	0.016205465169208677	0.04253066852550346	0.0637464602619974	0.052464967804427935	0.03972159649734956	0.0541021936926578	0.07810418504042861	0.03985567229294942	0.020881911258089036	0.04686930826856141	0.05564014664770583	0.05564014664770583	0.0491306946160215	0.03540736604854007	9.819277108433738e-301	9.819277108433738e-301	0.02044534296759098	0.020357125541744365	0.03140164897630584
Visual acuity/vision correction	0.029548555129335605	0.01207910068932814	6.9230769230769245e-301	0.006672069617846192	0.01952549600339273	0.023731114671447055	0.008865131390663859	0.01663101389194306	0.019787365332157705	6.9230769230769245e-301	0.019654500874086038	0.006517020366777917	0.014987618942813323	0.029114000346418166	0.024429745098508884	0.01710741806967811	0.022514731569446857	0.024599319522948505	0.013803415244120664	0.007247460413596884	0.015375872013641247	0.02532733296800194	0.02532733296800194	0.02339164537795336	0.016117393706910326	6.923076923076923e-301	6.92307692307692e-301	0.00865499209203845	0.007830719133163752	0.014388148195066253
Jewelry	0.06795610294699993	0.03584748658737776	9.999999999999995e-301	0.016878821203602415	0.05848614132440114	0.05781689316610652	0.02622156489344497	0.05020419357558664	0.05790861827707158	1e-300	0.050294456580542234	0.017058627634525668	0.04448290199368231	0.06670631858582161	0.05479986029945594	0.041366768836136644	0.05629014553770124	0.07998824947760273	0.041069574067763605	0.021508491952426653	0.04848949562743253	0.05824808824028565	0.05824808824028565	0.051452873051757504	0.03706696524381814	1.0000000000000002e-300	1.0000000000000005e-300	0.021110313855693216	0.02094353521441142	0.032946881197656895
vocational school	0.06537175604276904	0.03486079163610145	9.727272727272727e-301	0.01654158682546012	0.05686828088896135	0.055821206501923945	0.02546182439067685	0.0489240885078104	0.0551172265220893	9.72727272727273e-301	0.048595158727597496	0.016290292372831645	0.04277887578698828	0.06417369691373707	0.052786967091367334	0.03992596154363925	0.05436574746208073	0.07946822330071193	0.03993873674426687	0.02091647498166087	0.047549643871087274	0.0560329337509449	0.05603293375094492	0.04944003638829868	0.03565732147787403	9.727272727272729e-301	9.727272727272727e-301	0.020595932946508196	0.02046713071345469	0.03159749109767807
Corporate/service/BtoB	0.06390658431762603	0.03006265360787224	0.0035405808722198486	0.017339160416436912	0.047965167080224004	0.05702159953339788	0.022209985787897697	0.04216899840810512	0.04752467377897606	0.003799475585218943	0.04632822809868402	0.017741294177764395	0.03676789719560998	0.06258762340802347	0.04796805138585443	0.03935750388269986	3.665987780040734e+298	0.05736377662381336	0.03416542546508601	0.016701474226595684	0.03723426114351152	0.0547770722722509	0.05477707227225089	0.047154690030337634	0.03485813690052329	0.012668071550147774	0.0018809335883667947	0.02217352799766848	0.020027222358289444	0.03014513748299991
Fortunetellation	0.06672374174243134	0.03519509823334707	9.545454545454543e-301	0.016915467996210482	0.05769369168934302	0.0565157120299619	0.025700113536395588	0.04991270831657166	0.05577675559843218	9.545454545454544e-301	0.04924880257584941	0.016512015247889075	0.04309202574476349	0.06542702855877386	0.05376150236569392	0.04041787750885636	0.05501739964927809	0.08275521631787076	0.04037491532580168	0.021117058940008242	0.0475728113244216	0.05719177863636974	0.05719177863636974	0.05037866310479657	0.03639476822314438	9.545454545454548e-301	9.545454545454546e-301	0.021040538729029053	0.020832531618454032	0.0321790395501393
bag	0.06311077392955823	0.034625275252827555	9.999999999999997e-301	0.016180212040404547	0.055793560054199935	0.054298783247574346	0.025331677571077165	0.0467041197476673	0.05308345488533619	1.0000000000000002e-300	0.046900454809813356	0.015748367296559984	0.04138034600043713	0.06203680098823821	0.05119090091149904	0.03885029501542157	0.05295730520298025	0.07503577106565444	0.03961395322358554	0.020775165151696532	0.04480192892428676	0.0540949490824785	0.0540949490824785	0.04783008747970686	0.03442405850703177	1.0000000000000004e-300	1e-300	0.02008665070287772	0.02013272558592376	0.030533194188718138
Manga/animation	0.020162745053496103	0.010895139454618742	6.666666666666667e-301	0.005008437041940566	0.01816718074984952	0.01769051048379297	0.007990130616618385	0.016003915690152252	0.018009333916753082	6.666666666666668e-301	0.015203075404539855	0.005066631695267774	0.013207165997718212	0.019870910955940024	0.016408576776287594	0.012658366749006576	0.01757812200242001	0.022452828039206108	0.012457505164187763	0.006537083672771245	0.013943284462425902	0.01728235290299666	0.01728235290299666	0.01527771360009168	0.010997860938270602	6.6666666666666685e-301	6.666666666666667e-301	0.006292193282059618	0.0062698732732287465	0.009745546943703696
Esthetic	0.06812299880799264	0.03648096909166785	1.0000000000000005e-300	0.01725159610120939	0.059491079172714345	0.058316929206630085	0.0266399275879328	0.05125518382624753	0.057602843886932355	9.999999999999999e-301	0.05080027352848022	0.017000598284838946	0.04480464530576063	0.06688330474364497	0.055029636162202675	0.04170511535502319	0.05680970905441849	0.08278075606357804	0.0417812807966031	0.021888581455000704	0.05009690879335392	0.05839114183542225	0.05839114183542226	0.051550929090122495	0.03715799934981417	1e-300	1.0000000000000004e-300	0.021472768293955235	0.0213721760277362	0.03295331881304597
Learning private school/preparatory school	0.015902636537302894	0.008188222071756984	0.00862213612236651	0.007080959014638745	0.01863235280989769	0.014712248926661606	0.006015724214755449	0.019886589076907085	0.012914996003948374	0.007438562790418289	0.012942084077720035	0.010551878016799238	0.01576058953121154	0.015752792363494087	0.014029928170942892	0.011552832595206229	0.01657328427218503	0.01638497077027443	0.009349803998427724	0.0037015250461367184	0.010340643233065494	0.013630831317688193	0.013630831317688193	0.012593834109304938	0.008674165383983396	0.022288662369933345	0.005234868360008239	0.007809229483302916	0.007305128836018511	0.008826212600713331
